{
  "verses": [
    {
      "verseTextEn": "You have a right to perform your prescribed duty, but you are not entitled to the fruits of action. Never consider yourself to be the cause of the results of your activities, and never be attached to not doing your duty.",
      "verseTextHi": "कर्मण्येवाधिकारस्ते मा फलेषु कदाचन। मा कर्मफलहेतुर्भूर्मा ते सङ्गोऽस्त्वकर्मणि॥",
      "verseTextNe": "तपाईंको आफ्नो कर्तव्य गर्ने अधिकार छ, तर कर्मको फलमा हकदार हुनुहुन्न। आफूलाई कहिल्यै पनि परिणामको कारण नसोच्नुहोस्, र आफ्नो कर्तव्य नगर्ने कुरामा पनि आसक्त नहुनुहोस्।",
      "source": "Bhagavad Gita",
      "chapter": 2,
      "verse": 47
    },
    {
      "verseTextEn": "Abandon all varieties of religion and just surrender unto Me. I shall deliver you from all sinful reactions. Do not fear.",
      "verseTextHi": "सर्वधर्मान्परित्यज्य मामेकं शरणं व्रज। अहं त्वां सर्वपापेभ्यो मोक्षयिष्यामि मा शुचः॥",
      "verseTextNe": "सबै प्रकारका धर्म त्यागेर मसँग मात्र शरण लिनुहोस्। म तिमीलाई सबै पापहरूबाट मुक्त गर्नेछु। डराउनु पर्दैन।",
      "source": "Bhagavad Gita",
      "chapter": 18,
      "verse": 66
    },
    {
      "verseTextEn": "One who sees Me in all things and sees all things in Me, I am never lost to him, nor is he ever lost to Me.",
      "verseTextHi": "जो मुझे सभी में और सबको मुझमें देखता है, मैं उसके लिए कभी खोया नहीं हूं, और न ही वह मेरे लिए कभी खोया है।",
      "verseTextNe": "जसले मलाई सबैमा र सबैलाई ममा देख्छ, म उसको लागि कहिल्यै हराएको छैन, न त ऊ मेरो लागि कहिल्यै हराएको छ।",
      "source": "Bhagavad Gita",
      "chapter": 6,
      "verse": 30
    },
    {
      "verseTextEn": "Engage your mind always in thinking of Me, become My devotee, offer obeisances to Me and worship Me. Being completely absorbed in Me, surely you will come to Me.",
      "verseTextHi": "मुझ में मन लगाओ, मेरे भक्त बनो, मुझे प्रणाम करो और मेरी पूजा करो। पूरी तरह से मुझमें लीन होकर, निश्चित रूप से तुम मेरे पास आओगे।",
      "verseTextNe": "सधैं ममा आफ्नो मन लगाउनुहोस्, मेरो भक्त बन्नुहोस्, मलाई प्रणाम गर्नुहोस् र मेरो पूजा गर्नुहोस्। पूर्णतया ममा लीन भएर, निश्चित रूपमा तपाईं मकहाँ आउनुहुनेछ।",
      "source": "Bhagavad Gita",
      "chapter": 9,
      "verse": 34
    },
    {
      "verseTextEn": "Those who are not envious but are kind to all living entities, who do not think themselves proprietors, who are free from false ego and equal in happiness and distress, who are tolerant and always satisfied and engaged in devotional service with determination are very dear to Me.",
      "verseTextHi": "जो र्षालु नहीं हैं लेकिन सभी जीवों के प्रति दयालु हैं, जो अपने आप को स्वामी नहीं मानते, जो झूठे अहंकार से मुक्त हैं और सुख-दुःख में समान हैं, जो सहनशील और हमेशा संतुष्ट हैं और दृढ़ संकल्प के साथ भक्ति सेवा में लगे हुए हैं, वे मुझे बहुत प्रिय हैं।",
      "verseTextNe": "जो र्ष्यालु छैनन् तर सबै जीवहरूप्रति दयालु छन्, जो आफूलाई मालिक ठान्दैनन्, जो झूठो अहंकारबाट मुक्त छन् र सुख-दुःखमा समान छन्, जो सहनशील र सधैं सन्तुष्ट छन् र दृढ संकल्पका साथ भक्ति सेवामा लागेका छन्, तिनीहरू मलाई धेरै प्रिय छन्।",
      "source": "Bhagavad Gita",
      "chapter": 12,
      "verse": 13
    }
  ],
  "sampleEvents": [
    {
      "title": "Sunday Feast and Kirtan",
      "date": "2025-11-03",
      "time": "17:00",
      "venue": "ISKCON Temple",
      "address": "123 Krishna Road, City, State 12345",
      "lat": 40.7128,
      "lng": -74.0060,
      "description": "Join us for our weekly Sunday feast program featuring congregational chanting (kirtan), spiritual discourse on Bhagavad-gita, and delicious Krishna prasadam (sanctified vegetarian food). All are welcome!",
      "category": "Kirtan"
    },
    {
      "title": "Bhagavad Gita Study Circle",
      "date": "2025-11-05",
      "time": "19:00",
      "venue": "Community Hall",
      "address": "456 Dharma Street, City, State 12345",
      "lat": 40.7200,
      "lng": -74.0100,
      "description": "Weekly study group exploring the timeless wisdom of Bhagavad-gita. Led by senior devotees, this interactive session includes verse-by-verse analysis, discussion, and practical application in daily life.",
      "category": "Education"
    },
    {
      "title": "Janmashtami Celebration",
      "date": "2025-11-15",
      "time": "18:00",
      "venue": "ISKCON Temple",
      "address": "123 Krishna Road, City, State 12345",
      "lat": 40.7128,
      "lng": -74.0060,
      "description": "Grand celebration of Lord Krishna's appearance day with abhishek (bathing ceremony), midnight arati, cultural programs, and magnificent feast. Volunteers needed for decoration, prasadam distribution, and crowd management.",
      "category": "Festival"
    },
    {
      "title": "Food for Life - Weekly Distribution",
      "date": "2025-11-08",
      "time": "12:00",
      "venue": "City Center Park",
      "address": "789 Service Avenue, City, State 12345",
      "lat": 40.7150,
      "lng": -74.0080,
      "description": "Join our Food for Life program to distribute sanctified vegetarian meals to those in need. Volunteers help with food preparation, packing, and distribution. Serve with love and compassion.",
      "category": "Prasadam"
    }
  ],
  "instructions": "To seed this data:\n\n1. Go to Firebase Console → Firestore Database\n2. Create a 'verses' collection and manually add these verses\n3. Or use the admin panel to create events after signing in as admin\n4. For automatic seeding, you can create a simple script that uses the Firebase Admin SDK"
}
